﻿差分更新方法,施設ID,法人名称,法人住所,施設名,施設都道府県,施設市町村名,対応履歴,施設住所,介護の種類,施設電話番号,施設FAX番号,紹介契約状況,手数料率,請求書送付宛先,法人郵便番号,法人電話番号,法人担当窓口,施設郵便番号,法人特徴,作成者,作成日時,更新者,更新日時
,field_1530843413,field_1530660822,field_1532394585,field_1530762035,field_1530660863,field_1530661080,field_1535497105,field_1530661129,field_1530661148,field_1530661345,field_1530661322,field_1530848659,field_1530865016,field_1532394636,field_1532395027,field_1532409131,field_1535444653,field_1532409624,field_1535444755,_created_by,_created_at,_updated_by,_updated_at
,施設No361860,(学)戸早学園,,グランドホームゆくはし,福岡県,行橋市,,行橋市西宮市2丁目2-35,特定施設入居者生活介護,930262610,930262611,,,,,930262610,,,,岩間(administrator),2018/8/99:12:00,岩間(administrator),2018/8/99:12:00
,施設No345687,「喜んでっ」三吉,福山市三吉町南二丁目13-27,「喜んでっ」三吉,広島県,福山市,,福山市三吉町南二丁目13-27,訪問介護,849243715,849243716,,,,7200032,849243715,,7200032,,岩間(administrator),2018/8/99:07:00,岩間(administrator),2018/8/99:07:00
,施設No208526,１医療法人社団一心会,宇都宮市野沢町561-1,野沢の里,栃木県,宇都宮市,,宇都宮市野沢町561-1,通所リハビリテーション,286662225,286662227,,,,3200071,286662225,,3200071,,岩間(administrator),2018/8/811:24:00,岩間(administrator),2018/8/811:24:00
,施設No338699,２１ケア株式会社,岡山市南区藤田430-2,小規模多機能ホームあずき,岡山県,岡山市南区,,岡山市南区芳泉2丁目2-65,小規模多機能型居宅介護,862452866,862452867,,,,7010221,862967322,,7028027,,岩間(administrator),2018/8/99:04:00,岩間(administrator),2018/8/99:04:00
,施設No336347,２１ケア株式会社,岡山市南区藤田430-2,ワンダフル藤田デイサービスセンター,岡山県,岡山市南区,,岡山市南区藤田430-2,通所介護,862967322,862967326,,,,7010221,862967322,,7010221,,岩間(administrator),2018/8/99:04:00,岩間(administrator),2018/8/99:04:00
,施設No336316,２１ケア株式会社,岡山市南区藤田430-2,デイサービスセンター柔,岡山県,岡山市中区,,岡山市中区長岡471-1,通所介護,862388870,862388871,,,,7010221,862967322,,7038221,,岩間(administrator),2018/8/99:04:00,岩間(administrator),2018/8/99:04:00
,施設No336305,２１ケア株式会社,岡山市南区藤田430-2,サンデー桑野デイサービスセンター,岡山県,岡山市中区,,岡山市中区桑野715-13,通所介護,862062266,862062255,,,,7010221,862967322,,7028002,,岩間(administrator),2018/8/99:04:00,岩間(administrator),2018/8/99:04:00
,施設No256276,２４Ｈヘルプサービスユッキーハウス株式会社,伊勢原市高森1185-9,２４Ｈヘルプサービスユッキーハウス,神奈川県,伊勢原市,,伊勢原市高森1185-9,訪問介護,463678664,463678664,,,,,463678664,,,ユニット型、従来型,岩間(administrator),2018/8/813:50:00,岩間(administrator),2018/8/813:50:00
,施設No220997,２４ケアシステム株式会社,,芝ケアステーション,埼玉県,川口市,,川口市芝2-13-23ファミ-ユ伸和1階C,訪問介護,482635224,482635225,,,,,,,,,岩間(administrator),2018/8/811:28:00,岩間(administrator),2018/8/811:28:00
,施設No377522,２４時間介護看護サービスはな,阿蘇郡南阿蘇村久石2721-2,２４時間介護看護サービスはな,熊本県,阿蘇郡南阿蘇村,,阿蘇郡南阿蘇村久石2721-2,定期巡回・随時対応型訪問介護看護,8043540024,967670875,,,,8691412,8043540024,,8691412,,岩間(administrator),2018/8/99:17:00,岩間(administrator),2018/8/99:17:00
